0,1,2,3,4,5,6,7,8,9,10,11,12,13,14,15,16,17,18,19,20,21
0.18430826910090115,0.11259173071231002,0.05481478922703148,0.19567979669631508,0.24901185770750983,0.14547206165703278,0.24758842443729903,0.14528816824530424,0.31221471608544826,0.28019720624486444,0.3326271186440677,0.3473541383989145,0.17244812007044957,0.3325844139170625,0.06830696756533086,0.5117451028204505,0.36915542219557096,0.9601483629873395,0.569875209570575,0.5857651293618689,0.3906612843814671,0.4973096009344942
0.1983268518734136,0.09493044285903837,0.27832279756353134,0.2541296060991105,0.2885375494071146,0.19123314065510597,0.3236870310825295,0.19104190078664315,0.47288661676100063,0.44453574363188164,0.5159861325115561,0.5356852103120759,0.27942415192587494,0.516048273205803,0.05933093548079066,0.43257742014142897,0.4708304847858398,0.9770244535987191,0.7032769940370134,0.741337043215171,0.4731452202709411,0.6713260208604306
0.16503853945928315,0.05912816273206975,0.26528838071551125,0.28017789072426935,0.32806324110671936,0.22928709055876687,0.36923901393354763,0.22941082035639754,0.39063355851743653,0.3262119967132292,0.4433744221879814,0.44613297150610587,0.21984838042729155,0.4433174990371036,0.03959639685520578,0.496220434040478,0.4044159680433803,1.0,0.636744698427197,0.6863709116449319,0.40881937907386,0.5966824624918191
0.16500360943576364,0.07292731967706709,0.26420026022775683,0.26334180432020327,0.32806324110671936,0.2090558766859345,0.32475884244373,0.20886177556590144,0.4142778893554867,0.3549712407559573,0.47553929121725724,0.46607869742198105,0.23378512902978787,0.4754782385415329,0.04099691249960213,0.49593595058115914,0.4162550369708409,0.9758850386046554,0.6956274985522387,0.7380886454654123,0.4369771712573868,0.6719494312674492
0.16114966350743998,0.08090878471478,0.26010685458334776,0.35451080050825917,0.40711462450592883,0.2827552986512524,0.4372990353697749,0.28287044469417244,0.49945225488406075,0.410024650780608,0.584553158705701,0.5773405698778834,0.28685197947775487,0.5845423032481705,0.05417449151733137,0.4554986588636919,0.37515895478334327,0.9928129208066743,0.7624720369166038,0.5137983742253258,0.4043355748647163,0.7576114061322046
0.1875684046293924,0.05923226879777907,0.2781385655232766,0.2541296060991105,0.2885375494071146,0.19026974951830442,0.3526259378349411,0.19007866431208867,0.34206682490414464,0.30484798685291703,0.36074730354391366,0.4010854816824966,0.1932766674324221,0.36082937475927584,0.036827195467422094,0.5257660733154517,0.3709777148310355,0.9991275108961548,0.6729612419414884,0.6592176381469501,0.339999056884123,0.6487527649597786
0.1859092285122138,0.07164742745746452,0.28408580607274864,0.052414231257941535,0.09090909090909088,0.04190751445086705,0.05894962486602359,0.042061326055546654,0.059704217637392754,0.045193097781429756,0.06240369799691835,0.04979647218453187,0.048395742399877484,0.062459879316985475,0.01725180634688226,0.6683329269283916,0.7920789769028491,0.7562767423886285,0.421385247714092,0.5659550807146927,0.19195878049778714,0.34632829910444296
0.11060591947465237,0.02387294977392654,0.22360588160788514,0.038754764930114344,0.09090909090909088,0.03660886319845858,0.048231511254019296,0.03644244662064538,0.055961292678473634,0.040262941659819224,0.07203389830508473,0.051017639077340554,0.04112106593154147,0.07208884324046731,0.008880542381513193,0.7498577582703406,0.8886301539265622,0.7528903691545228,0.3249676864005173,0.39945837526085104,0.2853397085593994,0.2469119437977913
0.04306289732901747,0.06108168243567372,0.1512890485566572,0.12166454891994917,0.2094861660079051,0.1083815028901734,0.1286173633440515,0.10852464279980736,0.1039802811758262,0.08709942481511915,0.11902927580893678,0.09592944369063772,0.07642239068841412,0.11901399409423545,0.031989050514052896,0.5434040477932213,0.8376036268523337,0.7940248440276334,0.44590977359597894,0.7237308624799931,0.40003416570723893,0.387367758290737
0.03913909135365479,0.03665758290210969,0.1482492198924546,0.1156289707750953,0.2094861660079051,0.09633911368015416,0.1286173633440515,0.09616310804302455,0.17199196640496625,0.13968775677896467,0.18990755007704152,0.15671641791044777,0.1320928095566276,0.19001155475670817,0.03046121526562052,0.5454360725026417,0.6777411971132643,0.8931300447001274,0.5339233582350094,0.7197395879059654,0.44909443081177336,0.46978012874149794
0.0,0.020606877124223016,0.10706184439301303,0.10705209656925031,0.2094861660079051,0.08959537572254334,0.12754555198285103,0.08974153154599454,0.1085448238086544,0.09202958093672967,0.12018489984591678,0.10474898236092264,0.08982311049850679,0.12023366285787647,0.03504472101091766,0.5151995448264651,0.8273045235323078,0.8042596591316551,0.4909125063980837,0.8660773177194133,0.43775969051563524,0.4249981359821717
0.020789185664718324,0.028018820743643924,0.11984294218568292,0.1181702668360864,0.2094861660079051,0.10260115606936418,0.1307609860664523,0.10274522395248037,0.16414095307650176,0.13475760065735415,0.18663328197226497,0.14531886024423338,0.1144804349490773,0.1866735139299011,0.03424897348569246,0.5272291311062344,0.762562969427016,0.8694533198409604,0.5432608087611666,0.8043149887780577,0.5423757088939384,0.4792431259164754
0.282892438814242,0.1178256121334599,0.37882713277372865,0.03970775095298601,0.05138339920948617,0.02408477842003854,0.03269024651661309,0.024241451276288344,0.027843710060251978,0.022185702547247332,0.03871340523882895,0.019945725915875165,0.032238303085994346,0.03877262806522018,0.016424228920648057,0.7015362106803219,0.47605936800744786,0.2890926910113709,0.256345696663848,0.32988008167142785,0.2749227267793304,0.19463038597595828
0.2959737326223132,0.15716749849454467,0.06379034393819016,0.07052096569250317,0.09090909090909088,0.04672447013487476,0.06216505894962489,0.04687750842831916,0.06280810662771591,0.05669679539852093,0.05258089368258857,0.04911804613297149,0.08254843403017077,0.05263833611503403,0.03106598338479167,0.6684548484109568,0.4050482872549179,0.36473630112427635,0.4167034144025452,0.5598927556002782,0.48763317063101563,0.32175018847291376
0.37556761288219254,0.12484562703491639,0.05964512303245939,0.04002541296060991,0.05138339920948617,0.025529865125240844,0.030546623794212233,0.025686305988120092,0.0797882052218368,0.0599835661462613,0.11729583975346684,0.054545454545454536,0.04035531051382188,0.11728078058800874,0.017315466148900276,0.6697959847191745,0.5091709618485185,0.3177015688867999,0.3362686321868944,0.44432813544670535,0.31244316837109654,0.2600532694872708
0.31340381435856823,0.2353817732733193,0.10180547399449613,0.06385006353240151,0.09090909090909088,0.04287090558766859,0.05948553054662381,0.04286402311767539,0.05011867810845355,0.03368940016433854,0.06105546995377502,0.043147896879240144,0.04900834673405316,0.061111824367698034,0.024636343380972085,0.6800780297488419,0.7218098795793559,0.33450594806498657,0.47457806999987173,0.4590325942834503,0.3480004163945569,0.3936184314082861
0.3251694106140697,0.5044326729742695,0.09953135974760208,0.11944091486658194,0.13043478260869565,0.06888246628131023,0.10718113612004287,0.06871086851822122,0.09978090195362424,0.08792111750205422,0.09899845916795068,0.08548168249660787,0.10375985910100317,0.09911413531903969,0.0571028424101601,0.5645777452653825,0.7252071370406059,0.2805112228392952,0.45651156319715613,0.5256191202987716,0.3742274902262942,0.35960010604190307
0.4683242903383553,0.26544188942302793,0.05830368348935483,0.1747141041931385,0.13043478260869565,0.10404624277456645,0.15809217577706325,0.1041900786643121,0.21663319335402595,0.21610517666392767,0.18990755007704152,0.17951153324287658,0.20759629374377825,0.18988316857106174,0.09084253747970843,0.48504429813866545,0.8738814833135391,0.12404085958104627,0.9101350165152372,0.963605789036489,0.7047460082175642,0.7999722468456676
0.37673776867009745,0.15041081070047055,0.018118069708798257,0.1823379923761118,0.16996047430830039,0.14258188824662812,0.1822079314040729,0.14255899823406648,0.4165601606719008,0.3755135579293344,0.38828967642526957,0.4073270013568522,0.3865533348648443,0.38830401848761076,0.09851354362287934,0.3592213281313502,0.9537240334965853,0.5784124682278513,0.7260783087471545,0.7914924845627945,0.7499208138556178,0.6894587720679
0.39629276017045845,0.1781091480653623,0.4453003557981278,0.19059720457433288,0.16996047430830039,0.14643545279383433,0.1645230439442658,0.14641194413228448,0.2776154829286106,0.21610517666392767,0.2438366718027734,0.24477611940298508,0.2749827705031013,0.24393375272820644,0.10503867332972594,0.35405998536942207,0.916942188291128,0.44539971156068026,0.6166239344286599,0.75166077993062,0.6376660017403154,0.5748879518172103
0.3814067484805439,0.12981209875787172,0.0017617188849355925,0.2134688691232528,0.16996047430830039,0.17341040462427745,0.19185423365487675,0.17354310483223634,0.2607266751871463,0.19967132292522596,0.23343605546995366,0.2459972862957938,0.25545600735125207,0.23340608550519965,0.12114460324028392,0.36962529464358296,0.9416073041035413,0.5171390325330876,0.6996157804993101,0.576945155430092,0.5856318075616537,0.6645264980489946
0.38159304193931476,0.1443502046398645,0.07284074291570236,0.09911054637865309,0.09090909090909088,0.0789980732177264,0.09378349410503753,0.07898539091346926,0.2905787840058426,0.2341824157764996,0.30161787365177184,0.2742198100407056,0.2914465119840723,0.30157915008345104,0.05678454340007002,0.4491587417702999,0.8690235918064497,0.49667737026206593,0.5022685963883621,0.5207971743666975,0.5045887925803473,0.4457612234584572
0.4633875136809258,0.18591302040274763,0.07825255909818418,0.08703939008894536,0.09090909090909088,0.07321772639691715,0.08306538049303325,0.07336651147856799,0.3101150264743473,0.23993426458504516,0.3414869029275808,0.2672998643147897,0.2700819358296961,0.3415714469123123,0.038673329725944554,0.5700642119808178,0.8457911106651952,0.42051584424276767,0.6570346918514768,0.5765399498895816,0.6644028919847605,0.4994656482225553
0.49824185548284927,0.1849209508354002,0.11919813004479146,0.09783989834815755,0.09090909090909088,0.07369942196531792,0.08896034297963562,0.07368759030341951,0.2955997809019536,0.22925225965488907,0.33359013867488435,0.2578018995929444,0.23378512902978787,0.33367569649505713,0.05649807429098895,0.4869137608713323,0.654938039717113,0.4486426619284005,0.4910922222626011,0.4592442016212724,0.5001276765361667,0.4329015715741423
0.4385056935938336,0.20146769139696055,0.06507421096871507,0.1823379923761118,0.16996047430830039,0.15028901734104047,0.15969989281886388,0.1502648900305025,0.06436005112287752,0.06491372226787182,0.054506933744221844,0.05128900949796472,0.059575771498583355,0.05456412889973038,0.05452462042843047,0.6254572055596197,0.3298489667064102,0.6302518664892478,0.43528429910722455,0.4831310682343619,0.5644855480837841,0.3550374046244211
0.09353678131476606,0.2120028169876604,0.07191958271442889,0.147712833545108,0.2094861660079051,0.11946050096339114,0.15166130760986068,0.11944132284475842,0.256801168522914,0.24322103533278552,0.24595531587057,0.22727272727272727,0.23439773336396358,0.24605212479137245,0.08982398064742018,0.5537267333170772,0.6210634629159948,0.6520401902743362,0.4326814926830873,0.5190660462519614,0.6330807680878056,0.3623961327843455
0.48149873087581196,0.21672025067107584,0.05771644386104302,0.09116899618805592,0.09090909090909088,0.08766859344894026,0.07609860664523047,0.0876545191844598,0.09238634288844261,0.0829909613804437,0.08359013867488442,0.08127544097693351,0.08829159966306764,0.08357940685582234,0.03278479803927809,0.709867511988946,0.3781128888121499,0.5841852385998747,0.32207722611275114,0.4952602207469739,0.5188983516825719,0.21304481098859218
0.34063758936264343,0.21751227328862896,0.09361866270567781,0.10419313850063532,0.09090909090909088,0.08766859344894026,0.09807073954983922,0.08749397977203408,0.0880956728135841,0.09285127362366474,0.08243451463790442,0.07788331071913163,0.08476912474155755,0.08255231737065093,0.04020116497437693,0.677802162074291,0.23846834087372049,0.6070372819773242,0.3061486872153858,0.4273297630222931,0.3963408883439773,0.24534616882202354
0.3901974710662971,0.2556477540647295,0.08393496608979018,0.045108005082592106,0.05138339920948617,0.04383429672447014,0.045016077170418015,0.04366672017980416,0.06974621142961476,0.062448644207066556,0.06047765793528505,0.05997286295793758,0.07213416034918448,0.06053408653228913,0.01947989941751281,0.7123872226286273,0.4991075199320547,0.4062691728484582,0.15260643147754105,0.6157210745150479,0.36410278539487184,0.13250060062796692
0.4321717159956221,0.1963746593588291,0.06997363178923854,0.10609911054637865,0.09090909090909088,0.1021194605009634,0.08628081457663453,0.10226360571520307,0.07641044367354391,0.06820049301561215,0.0651001540832049,0.066078697421981,0.08270158511371468,0.06522018230838363,0.03517204061495369,0.7005201983256119,0.3994927446620359,0.5956630518792383,0.2403301926449204,0.45831448001999014,0.2378582728167311,0.1878577878664866
0.6330659245977223,0.21382773508068217,0.728747106981243,0.03843710292249046,0.011857707509881424,0.047206165703275536,0.040728831725616296,0.04719858725317066,0.013145882782545193,0.009860312243221037,0.02080123266563942,0.014925373134328346,0.0063557699670725235,0.02086275516754399,0.008721392876468153,0.7451028204502969,0.38652903418490325,0.6656613786124641,0.11149687947086151,0.3855688297889104,0.14261513576419949,0.08497850166104702
0.6455941597000675,0.21916776386294742,0.7289543680265296,0.023189326556543835,0.011857707509881424,0.03179190751445087,0.024651661307609873,0.03178680366029862,0.00556874201205039,0.0032867707477403363,0.009437596302003068,0.009633649932157373,0.0032927482961941923,0.009564770830658625,0.0032466499029188012,0.9143704787450219,0.41035183547567433,0.6684023489478346,0.051057566390457554,0.37604199730313204,0.30242834543665364,0.049628439112893205
0.6406748480543977,0.23078477601886158,0.7347864635508425,0.013977128335451075,0.011857707509881424,0.021676300578034692,0.023043944265809232,0.021672820677476327,0.028208873470878207,0.02136400986031224,0.03563174114021571,0.03459972862957937,0.017765525691094256,0.03562716651688279,0.001718814654486425,0.9076647972039341,0.4885330894276694,0.6550480864999249,0.16218778210554308,0.3802336235055232,0.03958773379931557,0.1072452301854905
0.6632803949421323,0.2234381538524348,0.757671537301231,0.003811944091486656,0.007905138339920945,0.012042389210019273,0.008038585209003218,0.011879916519505547,0.0,0.0,0.002696456086286575,0.004884667571234735,0.0,0.0027603029913981225,0.00022280930706305513,0.9852475006096076,0.2612458321764147,0.6687130984916703,0.04868058000131259,0.38779520911982607,0.05397203038612586,0.02402926093764239
0.6686246885406234,0.22327893281076175,0.7523806233951662,0.0031766200762388813,0.007905138339920945,0.012524084778420042,0.007502679528403007,0.012682613581634299,0.0003651634106262569,0.0,0.002503852080123256,0.005427408412483042,0.0005360287924036991,0.0025035306201052765,0.0,1.0,0.19482431559028512,0.6677808498601632,0.0,0.35398080676423116,0.0,0.0
0.6586114151316861,0.22131724792553356,0.7497783458265685,0.009529860228716644,0.011857707509881424,0.017822736030828512,0.012325830653804937,0.017659335366832563,0.02190980463757533,0.01807723911257189,0.025231124807395977,0.02578018995929443,0.01822497894172602,0.025292078572345625,0.0022280930706305505,0.9465577501422419,0.20458676422893218,0.6711194154721407,0.03386378441472915,0.36898241633068374,0.45544355807369474,0.027071752259603843
0.5212898493351651,0.18530063178092818,0.590331272237383,0.07719186785260483,0.05138339920948617,0.07947976878612717,0.07984994640943197,0.07962754856317228,0.1069928793134928,0.08545603944124897,0.13463020030816636,0.10542740841248302,0.06838195880235853,0.13474130183592248,0.016583378425693095,0.6004633016337481,0.2416766025558763,0.8149287268033438,0.3282130584006049,0.4767085604172716,0.46879754505157767,0.2512033270647104
0.5113580793144398,0.17036447329475288,0.5647172613907216,0.06385006353240151,0.05138339920948617,0.0659922928709056,0.06752411575562703,0.06614223791940924,0.08188789483293774,0.06820049301561215,0.09302773497688747,0.08005427408412483,0.059116318247951605,0.09307998459365772,0.008753222777477162,0.6709745590506383,0.19801391102265375,0.8340199039066802,0.354110765359966,0.427935320191167,0.4952426032133558,0.2665110556968527
0.5348077684372307,0.2023005399226349,0.6331824933503749,0.03684879288437101,0.05138339920948617,0.040944123314065516,0.03965702036441589,0.04093755016856638,0.044732517801716276,0.037797863599013964,0.05219568567026191,0.042740841248303935,0.036067080174592245,0.05218898446527152,0.0052837635674953054,0.7435991221653256,0.34372499014188684,0.7646311243555939,0.273538032234228,0.46378025253309746,0.3764059989287626,0.20170744033071814
0.5786740563071978,0.20449493248415448,0.6191290430296958,0.04701397712833545,0.05138339920948617,0.04816955684007707,0.048231511254019296,0.04816182372772517,0.06472521453350377,0.05423171733771569,0.07203389830508473,0.058751696065128894,0.04954437552645685,0.07215303633329055,0.006365980201801572,0.7262049906526865,0.32717969298685656,0.7332175326486223,0.3540686388041989,0.586688097537476,0.42674080506506595,0.24056599865790712
0.5695340334862492,0.19510497361625687,0.6454339240273126,0.04129606099110546,0.05138339920948617,0.04672447013487476,0.044480171489817796,0.04687750842831916,0.04938835128720104,0.041084634346754315,0.061440677966101684,0.05033921302578018,0.03935982847078642,0.06143278983181409,0.0052837635674953054,0.747012923677152,0.16311969032691598,0.7622965188083155,0.23822386485656288,0.4385697144876739,0.4229723453512394,0.17814832611199016
0.5572619518897143,0.1926819559692581,0.5843667599341371,0.028589580686149946,0.011857707509881424,0.03179190751445087,0.029474812433011796,0.031947343072724364,0.04646704400219098,0.038619556285949055,0.055277349768875175,0.044911804613297135,0.03943640401255839,0.055334446013608915,0.006111340993729508,0.732016581321629,0.11636773445393045,0.736719440969539,0.16649553883390444,0.1286257454093589,0.4173932811001356,0.14744588134905184
0.8668059986493722,0.29635730834787755,0.9197266457102722,0.04129606099110546,0.011857707509881424,0.048651252408477834,0.048231511254019296,0.048643441965002414,0.07285010041993792,0.06491372226787182,0.11171032357473033,0.0616010854816825,0.03170227429359063,0.11169598151238926,0.02148518318108031,0.5809558644233115,0.11314547308443446,0.3182792443208533,0.11832210470781446,0.2079469811061661,0.44199703897203924,0.10457761356010838
0.8911289383601516,0.2994355818202231,0.9615012608380256,0.03589580686149936,0.011857707509881424,0.04287090558766859,0.043408360128617374,0.04270348370524966,0.07358042724119046,0.05669679539852093,0.1061248073959938,0.06350067842605156,0.04073818822268169,0.1061111824367698,0.019416239615494796,0.5975778265463709,0.46929751902207517,0.23897835111511334,0.21179659273908125,0.342155558407002,0.37075664585287027,0.15090259885507884
0.9029760380038653,0.3036773936740256,0.9612249127776435,0.013341804320203293,0.007905138339920945,0.0197495183044316,0.024115755627009655,0.01974634772836733,0.042450246485302184,0.03368940016433854,0.062018489984591654,0.044504748982360925,0.024044720116394816,0.06201052766722302,0.012381831492504058,0.6879216451272049,0.4240178636010463,0.24303403105901866,0.1640069984322774,0.1920989421884251,0.403684291070472,0.097200245221901
0.8995587173695362,0.3120916133378242,0.9351791080866352,0.018106734434561622,0.007905138339920945,0.023603082851637765,0.025187566988210078,0.023438754214159585,0.04929706043454446,0.040262941659819224,0.07550077041602464,0.04192672998643149,0.022589784822727624,0.07561946334574397,0.013082089314702233,0.6742664390798992,0.40765922894388695,0.25754762834354583,0.17522549911380558,0.21567965350424004,0.41929196910138844,0.1204714722427034
0.9150327177886964,0.3264949937230166,0.9578454062892214,0.021283354510800503,0.011857707509881424,0.028420038535645467,0.030010718113612014,0.0282549365869321,0.059704217637392754,0.04601479046836482,0.08686440677966097,0.05522388059701494,0.032927482961941965,0.08698164077545255,0.013082089314702233,0.6567910265788833,0.492133342355354,0.22856425742810993,0.14625110717809386,0.2732165891148285,0.4310017314183928,0.10934949920054347
0.9554642200125746,0.3252640925931597,0.6753831450712173,0.005400254129606097,0.0,0.011560693641618491,0.011254019292604514,0.011558837694654052,0.018075588825999647,0.014790468364831541,0.030624036979969155,0.021709633649932156,0.010797151389846077,0.03062010527667222,0.011681573670305886,0.7463220352759491,0.8255078969903005,0.24271132960965103,0.11670213071779845,0.438069960987711,0.2692884991467469,0.08669546919399869
0.19709265770905615,0.05402492421690805,0.2895264085115203,0.11308767471410418,0.13043478260869565,0.048651252408477834,0.05948553054662381,0.048643441965002414,0.06016067190067559,0.04765817584223499,0.07704160246533127,0.027951153324287645,0.05467493682517806,0.0771600975735011,0.024636343380972085,0.5982687149475738,0.7537128337467129,0.6349529493318893,0.27582696869779944,0.5855625265916137,0.2921145725638694,0.18500998285103598
0.20161027408425114,0.056960307010829075,0.2832567618916025,0.08259212198221093,0.09090909090909088,0.026974951830443163,0.033762057877813514,0.02713116069995184,0.0663684498813219,0.05669679539852093,0.09148690292758087,0.03147896879240164,0.052147943946703426,0.09147515727307741,0.012636470700576122,0.6717873689344064,0.6582606321792146,0.7162816825095817,0.26810714175296724,0.5823546493959062,0.28076915548421866,0.17466468390399897
0.21023216822299318,0.0672076099492738,0.29948645318779005,0.0835451080050826,0.09090909090909088,0.035163776493256256,0.04019292604501608,0.03499759190881364,0.11228774876757353,0.09202958093672967,0.15138674884437592,0.0616010854816825,0.07397197335171148,0.15149569906278082,0.013177579017729256,0.6784524099813055,0.6919672127322489,0.8033712341537655,0.2376648291894723,0.5587874449314415,0.1854695204522685,0.12224228917958359
0.22128752066693047,0.06549700439899162,0.2723007127477058,0.08894536213468866,0.13043478260869565,0.030346820809248547,0.0412647374062165,0.030341948948466847,0.09850283001643237,0.08216926869350863,0.13251155624036975,0.05278154681139757,0.06853510988590246,0.13255873667993323,0.013018429512684216,0.6741851580915227,0.5854995905091451,0.7413328765049445,0.23067145933078814,0.6431062156278773,0.4486771465228384,0.1272792795778207
0.23093402882891267,0.07329679414556475,0.32588345020553394,0.08513341804320203,0.09090909090909088,0.03323699421965317,0.03965702036441589,0.03323165837213037,0.12260361511776519,0.10271158586688578,0.1671802773497688,0.06811397557666216,0.0733593690175358,0.16722300680446778,0.01324123881974727,0.6604486710558403,0.4741134114671439,0.7646112045130402,0.1613763487051869,0.48210454753173554,0.2442358715013515,0.15485638778198446
0.23870595906201242,0.07700174530757217,0.30587124483286704,0.10228716645489198,0.13043478260869565,0.04672447013487476,0.048767416934619515,0.046716969015893416,0.14095307650173455,0.11750205423171733,0.18124036979969177,0.08805970149253733,0.09403476529596445,0.1812812941327513,0.013336728522774293,0.6904007152726978,0.3822217970465326,0.8423384301570485,0.20397443261586212,0.5933829935234648,0.35608496584318994,0.21322707050958106
0.1191928835898749,0.0663645549465691,0.21530968254516564,0.18837357052096565,0.24901185770750983,0.13535645472061658,0.21114683815648447,0.13517418526248193,0.16112835493883515,0.13968775677896467,0.19799691833590133,0.14097693351424695,0.10322383030859943,0.19809988445243287,0.03090683387974663,0.5115419003495083,0.6520097717817637,0.9750762929969805,0.599428525246915,0.44861656075044065,0.2507318045365653,0.5636810624073169
0.12532310271755576,0.04942588566704434,0.2243082662613562,0.22426937738246505,0.2885375494071146,0.15895953757225434,0.23954983922829584,0.15877347888906726,0.2058608727405514,0.18241577649958915,0.25693374422187976,0.19294436906377208,0.13285856497434723,0.2570291436641417,0.03549033962504376,0.5009347313663335,0.7046882619621493,0.9464355433734655,0.6565669605219934,0.48501527399773536,0.26305770623541946,0.6219502597198174
0.1285657732342873,0.05903834573420294,0.2181652791691136,0.19567979669631508,0.24901185770750983,0.1368015414258189,0.22615219721329047,0.13677957938673946,0.25205404418477273,0.20460147904683648,0.30373651771956844,0.2350067842605156,0.1595068535109886,0.3038259083322635,0.02877423051214311,0.5275542550597416,0.6654774710031477,0.9843669075639632,0.6375991623866629,0.5223189462855035,0.2222786213425343,0.6016676746170478
0.16848496844654537,0.056688814721822495,0.25865027001508406,0.18551461245235068,0.2094861660079051,0.11127167630057805,0.20203644158628084,0.11141435222347087,0.12223845170713898,0.11175020542317174,0.1413713405238829,0.12062415196743556,0.09411134083773644,0.14148157658235977,0.01960721902154884,0.5842477444525727,0.6392233906776081,0.9699927491773113,0.6068979432658351,0.6387615117768489,0.266165095103449,0.5590500136694639
0.16618540856484176,0.06073262092123663,0.2457022119359334,0.19695044472681061,0.24901185770750983,0.128131021194605,0.21489817792068597,0.12827099052817467,0.15437283184224943,0.14790468364831552,0.18085516178736516,0.14314789687924018,0.10858411823263651,0.18096032866863526,0.022949358627494663,0.5755506786962531,0.661436227924243,0.9527660693369882,0.6306741351806822,0.577100484220621,0.1796035176442743,0.5833505927576693
0.15435577393288769,0.3453239025485574,0.22570727831704035,0.22204574332909782,0.2885375494071146,0.14691714836223507,0.22936763129689178,0.1470541017819875,0.20732152638305643,0.21774856203779783,0.260015408320493,0.1905020352781547,0.1378359751895245,0.2599820259340095,0.03431263328771047,0.5372266926765831,0.6799298149008004,0.9685585205134544,0.6067350418634908,0.4849792557274678,0.18168504556317355,0.5630493674766168
0.703321845236709,0.27628729191544954,0.25276060197819156,0.036213468869123244,0.011857707509881424,0.03805394990366088,0.03215434083601286,0.03820838015732864,0.08280080335950338,0.06984387838948233,0.10015408320493065,0.09335142469470825,0.050769584194808176,0.10020541789703429,0.025654900213260334,0.6954807770462489,0.1988375592945092,0.4166912344724829,0.16714587883860155,0.13668933566551636,0.4615502333766929,0.11800682644751338
0.7861118226486271,0.27933494595670416,0.1910716547491566,0.030495552731893263,0.011857707509881424,0.04142581888246629,0.031618435155412655,0.0412586289934179,0.08690889172904875,0.06573541495480689,0.1074730354391371,0.09850746268656715,0.047553411440385954,0.10752343047888045,0.007511856638125855,0.7192148256522802,0.446611025687093,0.4461327617666515,0.12135033510499915,0.18031196324335522,0.39961109816056795,0.11187420779242295
0.7795391565563651,0.2637353664635578,0.8061245638882173,0.031130876747141045,0.011857707509881424,0.04046242774566473,0.027867095391211155,0.0406164713437149,0.06289939748037249,0.04930156121610517,0.07935285053929121,0.07299864314789686,0.03683283559231182,0.07947104891513672,0.008753222777477162,0.7077542062911487,0.25268735664903486,0.47854234560130093,0.18055893803472922,0.20172032263365594,0.38053835901396316,0.12154431805943315
0.8179388957455228,0.27041856762301353,0.9105553444563428,0.040660736975857675,0.011857707509881424,0.05154142581888247,0.033762057877813514,0.05169369080109167,0.06299068833302904,0.04930156121610517,0.08224191063174112,0.06852103120759837,0.0352247492151007,0.08235973809218129,0.009103351688576249,0.7121433796634967,0.0,0.4343083432268555,0.13006149211537332,0.02794792658576062,0.4782029015938657,0.10147505944145742
0.8212514263092935,0.3063494493605643,0.8962888758391194,0.01175349428208386,0.007905138339920945,0.022157996146435453,0.011254019292604514,0.022154438914753584,0.0459192988862516,0.036154478225143796,0.06047765793528505,0.052510176390773405,0.022742935906271536,0.06059827962511234,0.0074800267371168475,0.7304722425424693,0.047318943210268305,0.3958232074133692,0.08474488935270297,0.11384024546451188,0.25790882738666143,0.0601497841881581
0.818736464615886,0.28046582361166394,0.2747648162861123,0.02223634053367217,0.011857707509881424,0.03275529865125241,0.025723472668810296,0.0327500401348531,0.07221106445134198,0.05669679539852093,0.0937981510015408,0.08005427408412483,0.03943640401255839,0.09391449480035947,0.01129961485819779,0.6545557993985208,0.11400178729341715,0.42839214998844666,0.11765549264294961,0.0,0.3093193194618187,0.09735765117184587
0.3027734438674522,0.11763781295610196,0.008894953193547273,0.20616264294790343,0.2094861660079051,0.174373795761079,0.18649517684887462,0.17418526248193933,0.2048566733613292,0.18734593262119967,0.26483050847457623,0.16824966078697423,0.13086760088827631,0.2648607009885736,0.06741573033707865,0.45188165488092336,0.4749837253634668,0.5841533668517886,0.46204713726549473,0.49654787390904037,0.4166997350378224,0.3761525843571623
0.28314277064946547,0.13158598446574196,0.003039828664202604,0.23983481575603555,0.24901185770750983,0.21146435452793835,0.19882100750267953,0.2112698667522877,0.1969143691802082,0.1832374691865242,0.22785053929121724,0.16132971506105837,0.14426832069836898,0.22788547952240334,0.08256676321736639,0.46891002194586695,0.5636344121647949,0.6166585659306953,0.47738789318947383,0.44884617722339654,0.3862642290383599,0.3763410572709121
0.32135621637985223,0.12262061504230584,0.0019171646689004618,0.2963786531130876,0.2885375494071146,0.27890173410404623,0.20096463022508046,0.27885695938352867,0.4044184772685777,0.3229252259654889,0.519453004622496,0.25128900949796473,0.20468642315644386,0.51938631403261,0.15332463316039088,0.48349995935950596,0.598876291762817,0.6261284590806597,0.3788197079237521,0.327631190921595,0.30927483286385127,0.29211437613394414
0.3478855692429499,0.12386376394459928,0.01074878809861024,0.18869123252858955,0.16996047430830039,0.19219653179190754,0.14040728831725616,0.19200513726119764,0.4084352747854665,0.33853738701725555,0.5589368258859783,0.2610583446404342,0.22329427980702965,0.5588650661188856,0.0753095457873126,0.5395838413395108,0.5386076377627564,0.609670685162905,0.30805595346769343,0.258165454426758,0.31753999790023235,0.20176750312740765
0.3166755932282328,0.12301458505567633,0.0,0.21060991105463783,0.2094861660079051,0.19315992292870904,0.17524115755627012,0.19312891314817787,0.231057148073763,0.23007395234182412,0.2721494607087827,0.18127544097693352,0.17076345815146643,0.272242906663243,0.08065696915682592,0.48049256278956354,0.5431295367736786,0.6219174043648366,0.4057376730556199,0.3434252024339346,0.3802002608694105,0.28227236200054673
0.2795857299210581,0.15197444298151605,0.0015774868446808976,0.2550825921219822,0.24901185770750983,0.22447013487475917,0.20685959271168272,0.2242735591587735,0.3673543910900128,0.3270336894001643,0.44183359013867474,0.257259158751696,0.23102840952599746,0.44184105790216976,0.10491135372568991,0.4116475656343982,0.6690193919002474,0.6332517947778147,0.49846726233254923,0.49205009240937464,0.5422867356980033,0.4109993620916765
0.18482057611252112,0.07668126192882005,0.2632906145289993,0.07528589580686147,0.09090909090909088,0.05394990366088632,0.06859592711682745,0.053941242575052194,0.06865072119773599,0.055053410024650765,0.09996147919876731,0.04816824966078695,0.047936289149245734,0.09994864552574144,0.011999872680395965,0.7031211899536701,0.5585501923790368,0.7516832266957767,0.39290950402218217,0.7266505935135598,0.3477681963531667,0.29749931652679623
0.13786298116107387,0.9928309705339009,0.2392022752656972,0.11594663278271918,0.16996047430830039,0.09633911368015416,0.1270096463022508,0.09648418686787608,0.13638853386890637,0.11585866885784715,0.17681047765793523,0.10922659430122117,0.09472394517191211,0.17691616382077285,0.01776108476302639,0.6395594570429978,0.5892865059347008,0.8575492219309502,0.46571630603261316,0.6761574808821776,0.22484460831329944,0.3747131483675346
0.13075472137484567,0.052983863559815075,0.24088339263302133,0.10355781448538755,0.13043478260869565,0.09248554913294799,0.10235798499464097,0.0924707015572323,0.13584078875296696,0.1076417419884963,0.18817411402157158,0.10244233378561735,0.08515200245041736,0.188149955064835,0.013177579017729256,0.6907664797203935,0.42106626285346294,0.9626303753695136,0.4794153918863532,0.44029408917673485,0.35701740493658884,0.41417026353069825
0.1302540577043988,0.04177715178051991,0.2275898994783931,0.1105463786531131,0.16996047430830039,0.10067437379576108,0.10557341907824222,0.10065821159094557,0.11511776519992697,0.09942481511914542,0.15966872110939906,0.08805970149253733,0.07626923960487021,0.15964822185132882,0.012954769710666201,0.6809721206209868,0.4828585494923947,0.9280057050429078,0.449722136492572,0.6951526161645495,0.19520941621127208,0.3812641354685311
0.14288126120671585,0.09528971085050572,0.23895471346160485,0.10546378653113088,0.13043478260869565,0.09730250481695571,0.10557341907824222,0.09728688393000481,0.2779806463392368,0.21774856203779783,0.37711864406779655,0.22537313432835823,0.15200245041733673,0.3770702272435486,0.026737116847566605,0.606721937738763,0.5435798600497923,0.8593220879182177,0.3957759178210336,0.7538961638291024,0.2600846668932516,0.3093834657476368
0.1294448454928625,0.04745807689559797,0.23803355326033143,0.09339263024142312,0.13043478260869565,0.0761078998073218,0.10075026795284031,0.07593514207738,0.11365711155742195,0.09202958093672967,0.15966872110939906,0.0853459972862958,0.07021977180488552,0.159712414944152,0.01129961485819779,0.7062911485003659,0.40345698946056885,0.9643514497661414,0.46537278476240884,0.5499494618645308,0.15775570451645715,0.38979719486028147
0.04105442097664347,0.0,0.14271074418229762,0.13977128335451078,0.2094861660079051,0.1266859344894027,0.1286173633440515,0.12682613581634294,0.20522183677195546,0.14626129827444537,0.25963020030816636,0.17856173677069195,0.13293514051611915,0.2595968673770702,0.03173441130598084,0.545964398927091,0.9062090946635524,0.8180282543046782,0.5152406827539485,0.5475227309052517,0.26445769947345643,0.44627900618853916
0.07240411708543881,0.027663635342988685,0.11554227549598722,0.2763659466327827,0.3675889328063241,0.26685934489402696,0.25937834941050375,0.26665596403917163,0.1978272777067738,0.22678718159408381,0.25385208012326654,0.1645861601085482,0.10873726931618043,0.25394787520862755,0.06859343667441194,0.43725107697309606,0.7882220630405921,0.859879843509717,0.5516407389467964,0.5840024852606485,0.4338043870903451,0.48342059698277645
0.045251845469575835,0.013307204752135704,0.10958352044399927,0.16709021601016522,0.24901185770750983,0.1546242774566474,0.17309753483386925,0.15475999357842352,0.2802629176556509,0.22925225965488907,0.3488058551617873,0.25522388059701495,0.1651734436021135,0.3488894594941584,0.055956965973835815,0.43135820531577673,0.6725333134226668,0.7815908783056984,0.6370448275369544,0.3350216897521268,0.5439251771011463,0.5870392769267732
0.04233518850569362,0.011370015411780343,0.12707980701693794,0.1696315120711563,0.24901185770750983,0.17341040462427745,0.14951768488745984,0.17322202600738484,0.2010224575497536,0.1733771569433032,0.2575115562403697,0.17245590230664856,0.1126426219465503,0.2576068814995507,0.05602062577585383,0.45590506380557594,0.7455160168089578,0.8145821215429123,0.5121996155092984,0.4596471560198911,0.36002514382517103,0.4475589650973017
0.07351023449689109,0.016073160027353373,0.1735926399299918,0.13913595933926304,0.2094861660079051,0.13631984585741813,0.13719185423365488,0.1362979611494622,0.1344714259631185,0.1076417419884963,0.17642526964560856,0.11546811397557663,0.07902595910866068,0.17653100526383358,0.037304643982557215,0.491546777208811,0.6954111358179667,0.851031449447424,0.5320414040762959,0.3166771344764632,0.44709876202695165,0.4559118360989835
0.06095871271219988,0.0003266072649703855,0.12854790608771755,0.08386277001270646,0.13043478260869565,0.08622350674373797,0.08896034297963562,0.08637020388505379,0.11584809202117949,0.09613804437140511,0.15832049306625573,0.10488466757123474,0.06378742629604105,0.1583643599948646,0.026005029124359424,0.5609607412826141,0.7468226542940539,0.7893596169015886,0.35068405028934446,0.1619201339879654,0.28040525511284464,0.2749136338406223
0.515363388678015,0.2111005644181798,0.05681255541354335,0.18392630241423125,0.13043478260869565,0.16859344894026973,0.1757770632368703,0.16856638304703808,0.35064816505386165,0.28759244042728016,0.4283513097072418,0.3327001356852103,0.2137223370855349,0.4283605084092952,0.1720406149536875,0.2215719743152077,0.6998070376428258,0.6187262455877551,0.48383560663053915,0.758182337990946,0.7456016100589534,0.40921404723835403
0.5393486714947721,0.20000612388621822,0.5182620009902472,0.0756035578144854,0.05138339920948617,0.07321772639691715,0.08145766345123259,0.07304543265371652,0.26456089099872193,0.20213640098603122,0.31818181818181807,0.26092265943012216,0.16525001914388548,0.318205161124663,0.08648184104147436,0.31435422254734613,0.7629922931721189,0.6113997274965546,0.4171225103521945,0.6970188127927893,0.7451367251101934,0.3228561723843687
0.5233041473581258,0.20475213570531856,0.4350812348152498,0.048602287166454886,0.05138339920948617,0.045761078998073225,0.054662379421221874,0.045593193128913155,0.2560708417016615,0.19884963023829086,0.311633281972265,0.2503392130257802,0.15812849375909332,0.31165746565669533,0.09822707451379827,0.30411281801186707,0.7983181708941833,0.5494569850919904,0.28893176275408594,0.7417039793435222,0.5476229031242047,0.2072684268517982
0.5120042847495517,0.2556436714739173,0.3462065471461306,0.11181702668360861,0.09090909090909088,0.10549132947976878,0.11789924973204716,0.10563493337614385,0.5073032682125252,0.4067378800328677,0.6194144838212633,0.48697421981004063,0.3035454475840417,0.6193349595583516,0.1514784989018684,0.22275054864667154,0.8080246207834691,0.6635498753017859,0.44294590823679036,0.6602036382955254,0.7621724229358663,0.365407557142502
0.4981312437417039,0.22291966481929434,0.052972468824484475,0.08894536213468866,0.09090909090909088,0.08140655105973027,0.08681672025723472,0.08123294268742978,0.527022092386343,0.4642563681183237,0.6419491525423728,0.49986431478968785,0.3126579370549047,0.641866735139299,0.1320622592863736,0.25595383239860203,0.7998511366579477,0.675900177684996,0.39445498813676405,0.6607529169171062,0.7045827424030234,0.30966099729096075
0.5319726148615606,0.2526817518397175,0.45713726438449226,0.17185514612452352,0.13043478260869565,0.15558766859344897,0.17524115755627012,0.1554021512281265,0.3066459740733979,0.2933442892358258,0.3547765793528504,0.29823609226594305,0.20951068228807718,0.3548594171267172,0.22783843142247823,0.13919369259530195,0.7802049087570377,0.6822307036485191,0.6482739954579256,0.8312499015125423,0.9999999999999999,0.5955474827474794
0.45567380015369197,0.21201506476009677,0.07228804679493822,0.1823379923761118,0.13043478260869565,0.15366088631984587,0.19346195069667738,0.15363621769144326,0.5190797882052219,0.45110928512736237,0.6153697996918335,0.503663500678426,0.3365495060877556,0.6152907947104892,0.27564694273800805,0.134235552304316,0.9259393206885045,0.6329848688875965,0.6248471104346757,0.8620927965710607,0.8427091804323029,0.5331360235943234
0.3703863260601262,0.12490686589709835,0.47065529033818093,0.07973316391359593,0.09090909090909088,0.07514450867052022,0.07234726688102894,0.07513244501525126,0.6394924228592296,0.5645028759244042,0.7638674884437595,0.5959294436906377,0.3806570181484034,0.7637694184105791,0.050705032307349525,0.456108266276518,0.5704102608375077,0.5580663410436406,0.2808714881504146,0.45221388549341657,0.4099835933426693,0.1855339789738789
0.34894511328970945,0.1282831684987293,0.4422893133902151,0.09243964421855143,0.09090909090909088,0.08766859344894026,0.08788853161843518,0.0876545191844598,0.29541719919664056,0.24486442070665568,0.3713405238828967,0.2647218453188602,0.17857416341220617,0.3714212350751059,0.05885348696565554,0.4201820694139642,0.4616956887962833,0.6383194027234413,0.3639383664985041,0.18361663954040688,0.409743365713645,0.2939970341405221
0.37137601005984666,0.1210978086693816,0.06402063398850855,0.06797966963151209,0.09090909090909088,0.0592485549132948,0.07181136120042875,0.05939958259752769,0.4538068285557788,0.4535743631881676,0.555855161787365,0.43744911804613296,0.2817214181790336,0.5559121838490179,0.036477066556323004,0.5091441111923922,0.4453907196072622,0.49205198282112805,0.327689098063209,0.3764944768233687,0.2922031008938246,0.2408103921065058
0.40453624572107194,0.1445849536115619,0.016839959929531245,0.060355781448538745,0.05138339920948617,0.06165703275529865,0.055734190782422297,0.06148659495906247,0.2521453350374293,0.18241577649958915,0.3095146379044683,0.23758480325644502,0.1565969829236542,0.30947490050070614,0.024986472292071175,0.5599447289279039,0.5735438575205154,0.5493414500051794,0.3098126127631169,0.4092170753614771,0.3205544097785099,0.24081660549926676
0.4023589409216868,0.12476805780948588,0.4843517910808663,0.06385006353240151,0.05138339920948617,0.0640655105973025,0.056270096463022515,0.06389468614544871,0.21161219645791493,0.16269515201314705,0.26155624036979963,0.18168249660786975,0.14181790336166633,0.2615868532545898,0.030333895661584488,0.5385678289848006,0.4449917285180631,0.5233978470634173,0.3105989148705477,0.3922704792005745,0.4097487041054012,0.24931652679629185
0.4120753091307081,0.13629321167212718,0.456751528550209,0.055273189326556546,0.05138339920948617,0.05298651252408478,0.04930332261521972,0.05313854551292343,0.2215628993974804,0.18241577649958915,0.2602080123266563,0.19728629579375848,0.1600428823033923,0.26017460521247915,0.025050132094089184,0.5779891083475577,0.2560986137976252,0.4746778961459093,0.27979698977734935,0.4240093287319993,0.46708792509168673,0.22196310073152337
0.2136727755396688,0.08532818926891003,0.2919559685423791,0.35324015247776364,0.3675889328063241,0.3251445086705202,0.28456591639871387,0.3249317707497191,0.26766477998904514,0.21117502054231715,0.3235747303543913,0.21763907734056984,0.18140745845776862,0.3236615740146361,0.2573765795588376,0.28029748841745916,0.8703232294478755,0.5585643371074802,0.7132481509063628,0.5831380467742263,0.5554320805314191,0.6132287274143173
0.21806813683254533,0.07841023913775683,0.17692033115709244,0.3843710292249047,0.40711462450592883,0.3651252408477842,0.30171489817792074,0.36506662385615674,0.3409713346722659,0.276910435497124,0.4019645608628658,0.2795115332428766,0.24419940271077423,0.4019129541661317,0.32651112455040265,0.28415833536535806,0.7336769478814973,0.4645705680342309,0.507293227767439,0.4409356646158764,0.4530181487525068,0.44702461331985716
0.22226556132547792,0.08085775232962841,0.19743917464045962,0.5616264294790343,0.5652173913043478,0.5255298651252409,0.4812433011789925,0.5252849574570558,0.5276611283549388,0.47165160230073955,0.6078582434514638,0.46037991858887384,0.38777854353319546,0.6078443959429966,0.5308909189292421,0.1623181337885069,0.8912550953028715,0.401070093941978,0.7602009997192166,0.5325909067374427,0.5388866250153478,0.6916417440579253
0.21719488624455674,0.0794533410902559,0.29287137149239467,1.0,1.0,1.0,0.7663451232583065,1.0,0.7507759722475809,0.6622843056696794,0.9443374422187979,0.5727272727272728,0.4194042422850142,0.9442803954294519,0.9999999999999999,0.017312850524262346,0.9676793884936568,0.3289323761184999,0.7710136028998982,0.5722560268696297,0.6974502061508948,0.6760626972752201
0.2335537805928788,0.09860273329454874,0.05847064377583572,0.4393265565438373,0.4466403162055335,0.4031791907514451,0.43783494105037524,0.40327500401348537,0.4761730874566369,0.410024650780608,0.5331278890600923,0.4208955223880596,0.34114403859407305,0.5331236358967775,0.3748925740840946,0.26899943103308144,0.894202029488008,0.27507310582217226,0.6802180383742188,0.6840972583342901,0.5405086063772427,0.6469011739170056
0.2962706378222293,0.9888484031966687,0.003920688106670345,0.9031130876747141,0.841897233201581,0.8603082851637766,0.8231511254019295,0.8603307111895971,0.7727770677378127,0.6943303204601479,0.9815100154083204,0.601763907734057,0.40615667355846546,0.9815123892669151,0.8232803895979882,0.08323173209786233,0.7928302934567792,0.2674677099352212,0.8489489966738103,0.5951276284895514,0.5639254618153734,0.8289390838973713
0.36050695107468034,0.10709452218377782,0.05684134166983318,0.02541296060991105,0.05138339920948617,0.017822736030828512,0.023579849946409437,0.017819874779258317,0.016158480920211785,0.01807723911257189,0.012904468412942988,0.012075983717774755,0.02220690711386783,0.013031197843112075,0.013686857433873384,0.7444525725432823,0.09407323236447718,0.589922153255301,0.1964563792171079,0.18682901901989785,0.258363925283869,0.14374269926350586
0.3823091074214655,0.11864417159129184,0.36354163068384643,0.004764930114358322,0.011857707509881424,0.003853564547206159,0.004287245444801718,0.004013485310643772,0.006938104801898853,0.0073952341824157775,0.002696456086286575,0.0016282225237449072,0.011639482349337621,0.002696109898574911,0.005665722379603399,0.8115093879541576,0.016528964186466544,0.46692509342406163,0.15429673692761448,0.3117966588552043,0.28568848348746445,0.10076880379762566
0.35719442051090966,0.11885034242730438,0.39225304270728983,0.028271918678526034,0.05138339920948617,0.023121387283236997,0.022508038585209014,0.023278214801733838,0.035786014241373024,0.03368940016433854,0.03948382126348225,0.03364993215739484,0.026035684202465742,0.039478752086275534,0.016328739217621034,0.7713565796960092,0.25413632428875765,0.5804323402627829,0.1749392916555248,0.4592442016212724,0.25406296099237125,0.1415390159642771
0.3885674033020514,0.12572542535493023,0.45293447096618195,0.0,0.011857707509881424,0.0,0.0,0.0,0.010041993792222023,0.009860312243221037,0.012904468412942988,0.008412483039348703,0.016004288230339225,0.013031197843112075,0.005347423369513321,0.865845728684061,0.18106495621597785,0.41293036819837026,0.17786862408702442,0.4013245718890907,0.31435876127957696,0.12895482449236578
0.36997298744847806,0.11353685048531795,0.39307632963717803,0.028589580686149946,0.05138339920948617,0.02263969171483622,0.016077170418006437,0.02279659656445658,0.04528026291765566,0.0427280197206245,0.03428351309707239,0.029579375848032552,0.04196339689103301,0.03427911156759533,0.018906961199350668,0.7474599691132245,0.31964319463531976,0.5018366094834392,0.24678586131540103,0.5467978632161163,0.47861395775908544,0.12585641263555553
0.3705842628600703,0.11266725864233443,0.3879293470125624,0.0019059720457433177,0.011857707509881424,0.003371868978805398,0.002143622722400859,0.0033713276609407677,0.006390359685959482,0.0065735414954806864,0.0,0.0008141112618724605,0.020981698445516506,0.0,0.005506572874558361,0.8732422986263516,0.12786147776033008,0.40550425089440134,0.22163142590436058,0.34760332178497544,0.3886286917203322,0.14620320279685517
0.6095114454043732,0.21791849107443587,0.08532822089421627,0.18996188055908508,0.13043478260869565,0.1840077071290944,0.15916398713826366,0.18413870605233584,0.1907978820522184,0.1561216105176664,0.2534668721109398,0.16892808683853458,0.10452561451872273,0.2534343304660419,0.028073972689944937,0.5483621880842072,0.5622834423364544,0.6623626526855939,0.38327662520364947,0.6132223070152336,0.5273717139974411,0.29229663565493297
0.6542451621917423,0.2487053083887035,0.1393830529551971,0.14390088945362134,0.09090909090909088,0.14595375722543355,0.13129689174705253,0.1457697864825815,0.12159941573854299,0.10024650780608052,0.14194915254237284,0.11791044776119403,0.08676008882762846,0.14199512132494546,0.020339306744756022,0.6013980330000814,0.4188566455349163,0.611861867843797,0.4893666606821647,0.5631906784716548,0.5016637987639844,0.389333261534128
0.6996833011200893,0.24121987813466425,0.7688463619929302,0.14008894536213468,0.09090909090909088,0.1445086705202312,0.13236870310825294,0.14464601059560125,0.07367171809384701,0.05751848808545604,0.0957241910631741,0.06621438263229307,0.04502641856191132,0.09571190139940942,0.024349874271891017,0.5675851418353248,0.1902254182989913,0.5505207046843505,0.2700361040854986,0.4009373754837141,0.4800321905022892,0.19023544616302285
0.6772407610087788,0.24323055410963798,0.7147339574193698,0.2137865311308767,0.13043478260869565,0.2090558766859345,0.21061093247588428,0.20902231497832718,0.1299981741829469,0.10271158586688578,0.15832049306625573,0.12388059701492538,0.08025116777701201,0.1583643599948646,0.03981920616226883,0.5227993172396977,0.5653703733949942,0.5888424977888982,0.558429623249375,0.4632399784790835,0.42416280671284967,0.4631152294398833
0.7091260508115406,0.26651356951121175,0.689615070180893,0.11626429479034307,0.09090909090909088,0.12186897880539502,0.10075026795284031,0.12200995344357043,0.06627715902866532,0.052588331963845505,0.07819722650231122,0.060651289009497955,0.04456696531127957,0.0782513801514957,0.017665595059999366,0.6189547264894742,0.4305533843077505,0.5895157884672084,0.3619528135567234,0.5492988818578224,0.47418442719946186,0.27601547549023664
0.6869221991942805,0.253549302387295,0.1528204773912743,0.10387547649301145,0.05138339920948617,0.11271676300578035,0.08252947481243303,0.11253812811045114,0.10507577140770497,0.10188989317995067,0.12557781201848994,0.09687924016282226,0.06776935446818289,0.1255616895622031,0.03128879269185472,0.5455173534910186,0.17485142831810085,0.5610981410802935,0.22333782261393287,0.39491106863956743,0.6738949973930853,0.1470005882011814
0.36990312740143905,0.797630056033559,0.020777919789975452,0.21855146124523506,0.2094861660079051,0.16184971098265896,0.15702036441586284,0.16166318831273077,0.08115756801168525,0.12325390304026293,0.06567796610169489,0.035549525101763915,0.042269699058120835,0.06579792014379253,0.19053378743992105,0.6198488173616193,0.3526311245715513,0.35212704078787027,0.5951493350241812,0.5746602464099915,0.5690138388908955,0.4760867223938959
0.40685327061453536,0.6948814517692928,0.037260930141513215,0.09783989834815755,0.09090909090909088,0.07032755298651253,0.061629153269024656,0.07031626264247876,0.046010589738908175,0.05176663927691043,0.02908320493066255,0.02401628222523744,0.045409296270771116,0.029143664141738357,0.0473947226024127,0.7280744533853535,0.453188545455818,0.3168888393106144,0.346007460197185,0.6010683919418126,0.5416292237800439,0.2600656962727928
0.4798395547586334,0.7105790134419303,0.07804529805289762,0.12293519695044473,0.09090909090909088,0.08477842003853564,0.09056806002143625,0.08460427034837054,0.07038524739821073,0.07395234182415775,0.05816640986132511,0.054409769335142466,0.07144498047323687,0.05815894209783028,0.05528853805264665,0.7010078842558728,0.5370466726243113,0.40533294024844047,0.6087829710359138,0.8235577496685195,0.6906998097753069,0.49342830158980006
0.523670912605081,0.6954264776427121,0.0954955266157726,0.09339263024142312,0.09090909090909088,0.04287090558766859,0.054662379421221874,0.04302456253010115,0.02966952711338325,0.036154478225143796,0.031201848998459153,0.023609226594301216,0.03308063404548588,0.03126203620490434,0.02517745169812522,0.6737787531496385,0.49897685618354526,0.3225301387217838,0.5517759778468557,0.8707011631650156,0.619918073481183,0.4296209001963431
0.7497322031530166,0.26809557345091195,0.1640931753543588,0.0749682337992376,0.05138339920948617,0.028420038535645467,0.019292604501607732,0.02841547599935785,0.03149534416651452,0.032046014790468355,0.04314329738058552,0.008276797829036633,0.027260892870817052,0.04326614456284504,0.01960721902154884,0.6559375762009267,0.48052993483145534,0.03357688660828906,0.4425658652315432,0.8622346185102394,0.6684444994101076,0.36476343542628015
0.2364005775097221,0.7706951631505353,0.13112139740002543,0.1311944091486658,0.16996047430830039,0.08333333333333334,0.1189710610932476,0.08331995504896453,0.09622055870001828,0.11175020542317174,0.0758859784283513,0.07421981004070557,0.07772417489853743,0.0760046219026833,0.07273132380558296,0.662521336259449,0.5394219529097184,0.43763097296479003,0.3216183540160258,0.6160452389474561,0.5618448236284336,0.2234522438632391
0.515165451878071,0.2309684926054074,0.10642278950337952,0.09275730622617533,0.09090909090909088,0.06791907514450865,0.06913183279742767,0.06806871086851823,0.019627533321161225,0.02629416598192276,0.015215716486902925,0.00814111261872455,0.02948158358220386,0.01534214918474773,0.03488557150587261,0.760993253677965,0.33486785461791346,0.3262870210273858,0.588321216976532,0.6198384130350121,0.5482781907122659,0.3940740802107583
0.29025103043569367,0.20694040438061992,0.10284753647218675,0.17026683608640408,0.16996047430830039,0.1628131021194605,0.16398713826366562,0.16278696419971103,0.3218002556143874,0.2925225965488907,0.41063174114021556,0.2709633649932157,0.1915154299716671,0.4106432147900886,0.06057230162014196,0.4008778346744697,0.656692667197099,0.6661115670541746,0.4603541198053934,0.3466600933323429,0.29679278320613134,0.3838903294755068
0.5454032089048272,0.19398021984751526,0.07893767199788132,0.2141041931385006,0.16996047430830039,0.21098265895953758,0.19131832797427656,0.21078824851501043,0.14140953076501736,0.1199671322925226,0.1766178736517719,0.13704206241519676,0.09280955662761316,0.17659519835665682,0.05563866696374574,0.42034463139071776,0.7778832939397686,0.63194106913779,0.4555894797876605,0.3065875165177537,0.334102803189511,0.354202738863529
0.3953263628530842,0.18976290353858558,0.0825820120441696,0.16709021601016522,0.13043478260869565,0.1613680154142582,0.162379421221865,0.16134210948787928,0.12680299433996714,0.114215283483977,0.16063174114021567,0.11533242876526459,0.07665211731372999,0.16067531133650015,0.06222745647261037,0.4370885149963425,0.8448647980195108,0.6140849222727747,0.36536072535781816,0.30859778622706363,0.22529258835483212,0.28467487386812695
0.330909577812449,0.1958908723475918,0.08728568632192246,0.1794790343074968,0.16996047430830039,0.16666666666666666,0.1768488745980708,0.16663991009792906,0.12853752054044185,0.12161051766639278,0.15023112480739598,0.12550881953867027,0.09380503867064861,0.15034022339196307,0.05758029092529522,0.4233113874664717,0.8888588154864541,0.6424706979116044,0.42862577208665487,0.2739099408174797,0.15244222525521955,0.3690278939912349
0.2899890552592972,0.19411290404890943,0.09003189517196913,0.11944091486658194,0.13043478260869565,0.10886319845857417,0.1259378349410504,0.1090062610370846,0.16770129633010775,0.1322925225965489,0.19818952234206466,0.16757123473541383,0.1179263343288154,0.1981640775452561,0.055033898844574596,0.39571649191254177,0.8554718944610236,0.653223428922018,0.43837526733638854,0.18209711876349277,0.177061108570432,0.3511312517086829
0.45732133292969745,0.19764026251058922,0.08080877865671815,0.14930114358322744,0.13043478260869565,0.1445086705202312,0.13879957127545553,0.1444854711831755,0.17372649260544096,0.14133114215283482,0.21032357473035435,0.17489823609226593,0.12114250708323764,0.21036076518166646,0.05509755864659261,0.40189384702917985,0.7667138767234196,0.6481199652597951,0.38686407206859297,0.24632669921817846,0.2548454802506196,0.31480361536613444
0.17871364366718667,0.05182440776917033,0.25182217002314417,0.08640406607369759,0.13043478260869565,0.07032755298651253,0.05359056806002144,0.07015572323005298,0.007211977359868532,0.010682004930156128,0.015986132511556214,0.0,0.007044949843020135,0.016048273205803057,0.052805805773944045,0.7478257335609203,0.46892186074511,0.5000079679370217,0.19435402904345755,0.33016822783356864,0.4027042513172482,0.14149345108402994
0.18480893277134802,0.04998520060830605,0.2313896853086463,0.032401524777636595,0.05138339920948617,0.023121387283236997,0.023043944265809232,0.023278214801733838,0.0062077779806463396,0.004108463434675427,0.00404468412942989,0.002442333785617354,0.014089899686040283,0.004108357940685592,0.013432218225801318,0.7286027798098026,0.5477960992204507,0.575910536003124,0.3747858642082116,0.4270461191439358,0.3049938875414392,0.2879555452459261
0.18603730526511886,0.0530695979668698,0.19996660794270388,0.10292249047013975,0.13043478260869565,0.0968208092485549,0.07824222936763131,0.09696580510515332,0.04181121051670622,0.032867707477403446,0.047765793528505365,0.033921302578018994,0.03637338234168008,0.047888047246116325,0.04917719705891714,0.6302527838738521,0.49136569283286,0.5966510760698949,0.3308088135986691,0.4442763591831957,0.4966648397503767,0.2596866793143728
0.18584519013576128,0.04727844289986424,0.22624270268403052,0.0759212198221093,0.09090909090909088,0.07514450867052022,0.06055734190782425,0.07497190560282552,0.05130545919298887,0.043549712407559574,0.05123266563944527,0.033242876526458603,0.045256145187227204,0.051354474258569774,0.030238405958557465,0.7142973258554824,0.49477461670022693,0.6408372708222121,0.3349001519268018,0.47440339112014573,0.49133445558191136,0.26115718226780543
0.17885918543185142,0.04708860242710025,0.12273883956843645,0.056543837357052096,0.09090909090909088,0.048651252408477834,0.04180064308681672,0.04880398137742816,0.022548840606171267,0.0172555464256368,0.03428351309707239,0.01777476255088195,0.015008806187303783,0.03427911156759533,0.02667345704554859,0.6074941071283427,0.5002601608564075,0.5857469542560736,0.45721758980776006,0.5597126642489403,0.4862531963620639,0.38868913981790615
0.1770602892205947,0.044047072272063864,0.255391665803079,0.05177890724269377,0.09090909090909088,0.04816955684007707,0.04233654876741695,0.04816182372772517,0.008124885886434188,0.011503697617091205,0.006741140215716479,0.006919945725915866,0.014089899686040283,0.0068686609320837005,0.013973326542954452,0.6981224091684956,0.5266822374300306,0.5928702899532285,0.2742474940575341,0.3881846566670944,0.2720533412104268,0.200657376954112
0.1058554362759937,0.021703052757279767,0.1590670950061603,0.13373570520965694,0.2094861660079051,0.10741811175337188,0.12165058949624866,0.1074008669128271,0.36315501186781085,0.2925225965488907,0.4291217257318951,0.3449118046132972,0.224519488475381,0.42919501861599696,0.09440748639271733,0.35028041940990007,0.8895494667285762,0.6764061416858569,0.48159205113476833,0.7071084307514988,0.4234461276195932,0.41120440405278896
0.12877535337540458,0.05198362881084337,0.23073911591649682,0.10355781448538755,0.13043478260869565,0.08477842003853564,0.11950696677384781,0.08460427034837054,0.2897571663319336,0.24157764995891537,0.34167950693374416,0.27435549525101766,0.19886668198177504,0.34176402619078183,0.07842887608619536,0.37657481914980095,0.9259789864693022,0.5274973506609406,0.47575255114263304,0.7108430751498699,0.5376232056330709,0.38063244053783124
0.14593181659408982,0.06368637537381219,0.243762018262001,0.08989834815756036,0.13043478260869565,0.07273603082851637,0.10235798499464097,0.07288489324129074,0.358316596677013,0.28430566967953985,0.37172573189522334,0.32605156037991856,0.27957730300941885,0.37167800744639873,0.0704395709329344,0.42965130455986356,0.9130829411476475,0.5333019927810496,0.6483634917888472,0.6613697297954388,0.45474867741344227,0.4451108883494744
0.14456954567682734,0.057411433295569386,0.20263797252639698,0.10609911054637865,0.13043478260869565,0.09104046242774566,0.11789924973204716,0.09118638625782632,0.39483293773963846,0.3212818405916187,0.47014637904468404,0.37679782903663506,0.2615054751512367,0.47021440493002953,0.1153833911576535,0.3375599447289279,0.8604954489349737,0.535186409886617,0.5984664848896745,0.6704643430380062,0.5556709735625044,0.4760452997754893
0.13917285704305704,0.04993825081396655,0.22233928633113403,0.09656925031766202,0.13043478260869565,0.08188824662813102,0.10610932475884244,0.08203563974955852,0.4280628081066278,0.3549712407559573,0.5036594761171032,0.40162822252374486,0.28577992189294743,0.5037231993837463,0.08161186618709615,0.36271641063155335,0.8968549702389979,0.5064500450188447,0.4213393243442858,0.6747572706255249,0.44307139031295406,0.34101584829380227
0.16194141070721646,0.06039376588382986,0.25527076352666184,0.06766200762388817,0.09090909090909088,0.05443159922928709,0.07502679528403002,0.05426232139990369,0.18915464670440027,0.1495480690221857,0.20396764252696453,0.16852103120759834,0.15705643617428594,0.20406984208499163,0.056084285577871845,0.42103551979192066,0.8592098109808879,0.485115893643977,0.37943316459206944,0.5105499764755672,0.4548127381145156,0.2908820532363491
0.4775807465710359,0.3401839207160865,0.08098725344571495,0.12801778907242695,0.09090909090909088,0.0789980732177264,0.09485530546623794,0.07898539091346926,0.2117034873105715,0.16105176663927692,0.24229583975346686,0.18914518317503395,0.16119151542997168,0.24232892540762613,0.07702836044179903,0.41042835080874585,0.981287084588444,0.4413241117742208,0.5728016491913782,0.8812657720628789,0.6853213800810368,0.48192731158922014
0.6971450527443354,0.3095563244434919,0.15156539661703922,0.1871029224904701,0.13043478260869565,0.17341040462427745,0.18006430868167203,0.17354310483223634,0.5268395106810299,0.39934264585045187,0.6858628659476116,0.46580732700135696,0.2867754039359829,0.6857748106303763,0.13282617691058982,0.292896041615866,0.8161211066286185,0.3651825055974762,0.4618820662551282,0.6362694977027098,0.5524550373954341,0.38768257019062685
0.6411114733483919,0.23912755034344793,0.47908966343109155,0.06607369758576874,0.05138339920948617,0.054913294797687855,0.06591639871382637,0.05490447904960669,0.23489136388533868,0.17419884963023827,0.30816640986132504,0.20434192672998644,0.138678306149016,0.3081910386442419,0.052933125377980075,0.4170121108672683,0.815955443661758,0.34840999816737517,0.43025587091410844,0.6854096740571656,0.46365756352241305,0.3424076482722626
0.6664182753883053,0.26406809761474637,0.11949750711020535,0.06416772554002541,0.05138339920948617,0.05828516377649324,0.06377277599142554,0.058436346122973194,0.09521635932079606,0.07806080525883319,0.12750385208012327,0.08236092265943012,0.06026495137453097,0.1274874823468995,0.06190915746252029,0.4164025034544421,0.6522267669355386,0.2324605786315872,0.3735904101879006,0.4661642117964338,0.46597887420435724,0.2992639200709155
0.6648988193652049,0.284158527001235,0.5681946411505292,0.027318932655654368,0.011857707509881424,0.015414258188824664,0.021972132904608796,0.01557232300529781,0.155924776337411,0.11750205423171733,0.19645608628659467,0.13405698778833108,0.09855272226051,0.1965592502246758,0.03132062259286374,0.49739900837194184,0.5621107795259239,0.22360820060078268,0.3312848617589048,0.4825165064979211,0.5130532575756227,0.23867298499672757
0.7860885359662807,0.330132582136624,0.1275922023788963,0.05844980940279543,0.05138339920948617,0.048651252408477834,0.05144694533762059,0.048482902552576666,0.14442212890268397,0.11503697617091208,0.17796610169491522,0.123202170963365,0.09112489470863007,0.17800744639876748,0.04545309864086323,0.4846378931967813,0.7239681647109879,0.0,0.4534793551852637,0.7630560601865297,0.6304947621479554,0.3900395171779598
0.4741226742426006,0.182928646519081,0.4949796769030594,0.4447268106734434,0.32806324110671936,0.3829479768786127,0.457663451232583,0.38288649863541496,0.6562899397480374,0.6047658175842234,0.6450308166409859,0.6588873812754411,0.6194195573933686,0.6449480035948132,0.2376102110322437,0.1592294562301877,0.7117441043816688,0.8733934646980557,0.8438538530340072,0.9195554444992223,0.8854443410378189,0.8553646433098328
0.5541473581258877,0.23407330291803177,0.5519131345930199,0.4123252858958068,0.2885375494071146,0.37620423892100197,0.389603429796356,0.37598330390110773,0.4652181851378493,0.4379622021364009,0.4641756548536208,0.4791044776119404,0.43188605559384335,0.4641802542046476,0.1907247668459751,0.2408355685605137,0.5167144600437257,0.7756467972877146,0.666861388986672,0.7866885477658543,0.7647588737416965,0.60382993529787
0.5838378781175045,0.23302815967012666,0.5786382949324675,0.49269377382465057,0.32806324110671936,0.4470134874759152,0.5010718113612004,0.4467811847808637,0.5627168157750594,0.5234182415776499,0.5814714946070877,0.5440976933514248,0.4674936825178038,0.5814610347926563,0.2547665276760989,0.15675038608469477,0.6913512264892749,0.7559739607818141,0.8294518141810282,0.7408125271543992,0.8237040609146088,0.7748245752110482
0.6654111263768249,0.9463343437745595,0.6435570601172178,0.46346886912325286,0.2885375494071146,0.4099229287090559,0.46677384780278675,0.4096965805105154,0.5674639401132008,0.6146261298274445,0.5893682588597842,0.5013568521031208,0.43962018531281116,0.5894209783027345,0.24903714549447753,0.2661139559457043,0.39912408622874096,0.8024748412388552,0.5555080652466222,0.5763080822747338,0.6614827916941742,0.46731755407722825
0.5726311622383157,0.22416689631239986,0.483413359125819,0.5412960609911055,0.3675889328063241,0.4850674373795761,0.5691318327974276,0.4849895649381924,0.4451341975534052,0.5743631881676253,0.4322033898305083,0.4265943012211669,0.42422850141664753,0.43214790088586474,0.34653213228506863,0.1661383402422173,0.5862509070630755,0.7507549620327807,0.6293094517346288,0.7518408712819579,0.6831041680383366,0.532172947716371
0.6082772512400157,0.24961776743521438,0.5948219282185914,0.9336086404066074,0.6047430830039526,0.8342967244701348,1.0,0.8343233263766257,1.0,1.0,0.9999999999999999,1.0,1.0,1.0000000000000002,0.6890536970430022,0.0,0.8616714226715603,0.7730412818817083,1.0,1.0000000000000002,0.7366687011870802,0.9999999999999999
0.6391204620077776,0.26731579860579524,0.6275519016200906,0.8087674714104193,0.525691699604743,0.7225433526011561,0.8612004287245446,0.7225878953283033,0.7056782910352384,0.7666392769104354,0.7374807395993834,0.676526458616011,0.5818975419251092,0.7373860572602388,0.5156443963459273,0.04096561814191657,0.7643689290939168,0.7177796546696098,0.9266446487612534,0.7877871050090158,0.7832933250528945,0.8495406231618712
0.19218498940455941,0.07654653643201978,0.18868815272836142,0.1639135959339263,0.2094861660079051,0.15414258188824662,0.1286173633440515,0.15411783592872053,0.14423954719737087,0.12818405916187345,0.17045454545454541,0.11248303934871098,0.10238149934910791,0.1704326614456284,0.13094821275105833,0.5315370234902057,0.724010163773009,0.3832298829510057,0.5604441042981202,0.5405667024598227,0.26257903044128905,0.2569072216192929
0.1791153389376614,0.053679945293283154,0.13447211763215766,0.16645489199491742,0.2094861660079051,0.15655105973025046,0.11146838156484459,0.15652592711510677,0.1577505933905423,0.12407559572719801,0.19818952234206466,0.11329715061058343,0.0994716287617735,0.1981640775452561,0.14469872998694974,0.5438917337234822,0.9219027441720467,0.3388405058046424,0.6736553357079693,0.38138170587030273,0.4572523831470531,0.42026560182922285
0.1719546841161539,0.05144880941445443,0.17374232846269883,0.1521601016518424,0.16996047430830039,0.13872832369942198,0.11146838156484459,0.1385455129234227,0.1947233887164506,0.15694330320460148,0.2318952234206471,0.16743554952510176,0.1288766368022054,0.23192964437026575,0.08167552598911418,0.5685605136958467,0.8673506291692816,0.30972566392835255,0.7921350985987407,0.45392025104734374,0.4521217438034616,0.3349370790426404
0.19795426495587165,0.08210906641354607,0.1687910923808537,0.1775730622617535,0.2094861660079051,0.16714836223506743,0.13236870310825294,0.16728206774763205,0.12223845170713898,0.1133935907970419,0.1444530046224961,0.09755766621438264,0.08055746994409986,0.14449865194505074,0.09950027055415858,0.5897748516621963,0.8285691619553828,0.19700325888624226,0.4574047184996871,0.5048365783543703,0.5678082520859765,0.36453353989412374
0.17249609948070688,0.06545209590005821,0.20312158163206567,0.522554002541296,0.5652173913043478,0.5052986512524086,0.33547695605573424,0.505217530903837,0.3613291948146796,0.2900575184880855,0.4150616332819722,0.2158751696065129,0.16823646527299185,0.4150725381948902,0.34003883247923095,0.4321710151995448,0.8725935120782302,0.28885365290072773,0.8173105068873304,0.668454073328696,0.6856634820194066,0.448950765075762
0.22012318654961227,0.10643110117680679,0.18461777608898416,0.25635324015247773,0.2885375494071146,0.2528901734104046,0.1939978563772776,0.25268903515813135,0.17327003834215812,0.14872637633525063,0.20127118644067787,0.13717774762550883,0.11011562906807566,0.20124534600077026,0.11977591749689659,0.5321059904088434,0.8830186125843187,0.21136944933587287,0.5233976857152829,0.6164009193663486,0.6535139074002566,0.4249215041381195
0.23052069021726473,0.0747257009298101,0.26884636199293016,0.13881829733163914,0.16996047430830039,0.12186897880539502,0.12111468381564847,0.12168887461871891,0.20823443490962204,0.2087099424815119,0.17430662557781196,0.14654002713704206,0.1827092426678919,0.17428424701502115,0.08269408282140242,0.4555799398520687,0.9295209073664019,0.4047034732237478,0.4459499113443922,0.5130847622456493,0.30238741776652356,0.35643956025748297
0.15081037654565344,0.045414740194127196,0.06647322302439929,0.1311944091486658,0.16996047430830039,0.11127167630057805,0.12004287245444803,0.11109327339861935,0.2788935548658025,0.2637633525061627,0.21648690292758088,0.19321573948439622,0.25997396431579756,0.21645910899987159,0.06391444122608779,0.48752336828415843,0.9253070014769669,0.47922758818514355,0.5024445154388404,0.5694375972211905,0.32378858545074696,0.4150732766119612
0.15712106746151866,0.06857323657593109,0.24368141674438965,0.14326556543837354,0.16996047430830039,0.1368015414258189,0.1270096463022508,0.1369401187991652,0.2117034873105715,0.1972062448644207,0.22900616332819718,0.15630936227951153,0.16938509839957122,0.2291051482860444,0.08737307826972658,0.4448914898805171,0.7495245939507351,0.4385990773128934,0.4849028729768632,0.4958230062199051,0.4535938053302063,0.4012650467661361
0.1526500244510164,0.0502832297375915,0.14764470851036876,0.15343074968233794,0.2094861660079051,0.14354527938342967,0.13290460878885316,0.14336169529619525,0.24685046558334858,0.2333607230895645,0.2713790446841294,0.1858887381275441,0.18163718508308452,0.2714083964565413,0.08409459846579877,0.42725351540274736,1.0,0.5788467207955192,0.44027692876797186,0.5323410299874612,0.43837182610366787,0.3644796904901952
0.13865472836085035,0.06026720556865392,0.1845256600688568,0.11149936467598474,0.16996047430830039,0.10741811175337188,0.10289389067524116,0.1074008669128271,0.07321526383056418,0.05751848808545604,0.09861325115562401,0.06282225237449116,0.049314648901141,0.09872897676210039,0.04360696438234077,0.5193042347394946,0.7010926755969116,0.3936320247324767,0.4244946576114461,0.4021034669836275,0.19955976062651348,0.3476331115842495
0.08115408797708579,0.08305010359574191,0.11759761419507875,0.23475222363405335,0.32806324110671936,0.20472061657032753,0.19774919614147915,0.2048482902552577,0.1698009859412087,0.15365653245686114,0.21648690292758088,0.1333785617367707,0.10368328355923122,0.21645910899987159,0.12149473215138301,0.40664878484922384,0.9678637177103042,0.3995123622542893,0.9104407504457189,0.8790078767454792,0.5058726757976891,0.6683415212042383
0.8608329646275293,0.29092133868152736,0.21106658836804953,0.03462515883100381,0.011857707509881424,0.04142581888246629,0.03269024651661309,0.04141916840584365,0.13638853386890637,0.10846343467543137,0.18393682588597837,0.11614654002713704,0.06907113867830615,0.18404159712414941,0.017665595059999366,0.6354954076241568,0.4978242152591923,0.21493510115296077,0.2077215264711163,0.37368054945871293,0.36119113755789933,0.15556885681857718
0.8673707006962718,0.2889739428641416,0.9429226110285907,0.042884371029224905,0.011857707509881424,0.05057803468208092,0.035905680600214374,0.050569914914111426,0.026291765565090386,0.02547247329498767,0.046417565485362064,0.02401628222523744,0.012481813308829165,0.046539992296828855,0.014896393672215678,0.6599203446313907,0.29935531439797836,0.2088715010796558,0.17120503464773607,0.3827886695526306,0.1908986648682217,0.09747777676522486
0.9999999999999999,0.3322698184267736,0.9892512119013899,0.054320203303684866,0.011857707509881424,0.0659922928709056,0.05037513397642017,0.06614223791940924,0.09822895745846266,0.09202958093672967,0.14079352850539284,0.08955223880597016,0.049620951068228794,0.14077545256130441,0.026896266352611643,0.5137771275298708,0.4302990566544014,0.21424189063209687,0.08082693886568926,0.34699101119042636,0.20396215436137688,0.06430447281433556
0.635936008196912,0.23573287608316243,0.14576208734901613,0.20171537484116892,0.13043478260869565,0.20327552986512523,0.1907824222936763,0.20324289613100016,0.11164871279897753,0.08545603944124897,0.1587057010785824,0.09525101763907734,0.055134390075809794,0.15868532545898067,0.04048763408345799,0.4400552710720962,0.2698486400470389,0.6013163031959401,0.40286059201732516,0.356254460074873,0.6491319775004581,0.3279428699246936
0.884707635703141,0.2918848301131899,0.8883841698619412,0.11086404066073698,0.05138339920948617,0.11946050096339114,0.10235798499464097,0.11960186225718414,0.09713346722658392,0.10435497124075593,0.13886748844375957,0.08426051560379916,0.04785971360747378,0.13897804596225444,0.02864691090810708,0.511216776396001,0.26895032677603525,0.2863875763925967,0.1437876980693924,0.15088053415094807,0.37508652643304663,0.11669165831310528
0.912005449083669,0.34715290323239123,1.0,0.08989834815756036,0.05138339920948617,0.10163776493256263,0.07770632368703109,0.10162144806550011,0.08608727405513966,0.07888249794576827,0.12114791987673341,0.07476255088195385,0.04104449038976951,0.12126075234304791,0.03132062259286374,0.531862147443713,0.6212174594767381,0.2889811398930706,0.11941594875241202,0.37101969974269455,0.2989276950425914,0.10703811709345772
0.14096593158372717,0.06374761423599415,0.2316660333690283,0.05940279542566709,0.09090909090909088,0.047206165703275536,0.052518756698821015,0.047359126665596406,0.03688150447325181,0.036154478225143796,0.04025423728813558,0.0293080054274084,0.032238303085994346,0.040313262292977284,0.011777063373332909,0.731325692920426,0.36568349973517245,0.7267475677872248,0.29677579975819723,0.4786175287414541,0.3426024125971808,0.23991359241800386
0.13044035116316977,0.023376914990252823,0.19956360035464665,0.05972045743329098,0.09090909090909088,0.04913294797687861,0.057877813504823156,0.04912506020227967,0.048384151907978845,0.039441248972884146,0.05758859784283511,0.05156037991858886,0.04334175664292826,0.057581204262421345,0.01161791386828787,0.7359587092579049,0.262540803255394,0.8042676270686764,0.33979985004392543,0.41893975719183557,0.20718075972432537,0.2684454919764388
0.14776564282886617,0.02918644171591292,0.1809907077964697,0.05749682337992376,0.09090909090909088,0.049614643545279384,0.05948553054662381,0.04976721785198266,0.04728866167610005,0.039441248972884146,0.056432973805855144,0.045454545454545456,0.032850907420169995,0.05655411477724996,0.013145749116720246,0.7358367877753395,0.28858722155205196,0.7665872528943538,0.3654854778191028,0.4184332502661975,0.19096094610537617,0.2798884903112495
0.1669131173881656,0.0863896628800637,0.19832003408292748,0.0587674714104193,0.09090909090909088,0.052023121387283246,0.06752411575562703,0.05201476962594318,0.06417746941756436,0.04930156121610517,0.08204930662557779,0.0667571234735414,0.04586874952140288,0.08210296572088845,0.016710698029729125,0.6910509631797125,0.3054545115159094,0.7258790626518894,0.35299974525185807,0.5020586692599822,0.20003799155466417,0.24559263340154258
0.15745872435554098,0.042793716892740113,0.24847144979101182,0.052096569250317665,0.09090909090909088,0.044315992292870914,0.05734190782422295,0.04430887782950715,0.05011867810845355,0.0427280197206245,0.06875963020030816,0.04925373134328356,0.03170227429359063,0.0688149955064835,0.010694846739026643,0.7138096399252215,0.34864121367956113,0.7448945443535218,0.36127679985709515,0.4314628595354994,0.2453747284093193,0.2889807550514883
0.16332696830682525,0.05489655735529772,0.25040588621368615,0.056543837357052096,0.09090909090909088,0.048651252408477834,0.06484458735262595,0.048643441965002414,0.07038524739821073,0.05751848808545604,0.08070107858243451,0.061194029850746234,0.04686423156443832,0.08081910386442419,0.011140465353152752,0.7194180281232222,0.24420587940202665,0.7528106897843085,0.35221651675579246,0.2318270942935804,0.2586593162943729,0.2690191952413696
0.36911720187224917,0.17975443216265044,0.37066910774120015,0.04637865311308767,0.05138339920948617,0.03227360308285165,0.037513397642015014,0.03242896131000162,0.04701478911813037,0.038619556285949055,0.05258089368258857,0.042876526458616004,0.03913010184547057,0.05263833611503403,0.016074100009548974,0.6384621636999107,0.32675270252297695,0.6839477940766359,0.26725267779350137,0.43142008783955665,0.45664425135283737,0.18259918645977447
0.3519607386535639,0.11474937995652043,0.4232385689776274,0.04479034307496822,0.05138339920948617,0.04046242774566473,0.05037513397642017,0.04045593193128914,0.05660032864706957,0.046836483155299896,0.073959938366718,0.05237449118046131,0.04517956964545526,0.0740788291179869,0.013464048126810325,0.6490693326830855,0.3407080575200486,0.7498864568974448,0.2988629626756907,0.3966174341934946,0.36846736552146286,0.23976861325358095
0.3481941177840392,0.10989722077630462,0.4005031837599457,0.07115628970775094,0.09090909090909088,0.0655105973025048,0.07449088960342981,0.06550008026970625,0.04528026291765566,0.037797863599013964,0.0520030816640986,0.04151967435549522,0.04165709472394517,0.0520605982796251,0.015119202979278734,0.6194424124197352,0.33116027075395316,0.8129965020756478,0.40748474991561134,0.5281201389404776,0.6325202369534152,0.30692296221428744
0.3615664951214399,0.12512324321014115,0.456319734705862,0.0724269377382465,0.09090909090909088,0.06647398843930638,0.07556270096463023,0.06662385615668648,0.14579149169253242,0.12489728841413308,0.16679506933744215,0.13622795115332428,0.10942644919212806,0.16690204134035175,0.01737912595091829,0.59709014061611,0.22358900651218783,0.7371855652852926,0.30800080926379225,0.39832605088931367,0.37410515208188355,0.20621422121335126
0.35005123070116184,0.1202996621656103,0.44055638076156917,0.0727445997458704,0.09090909090909088,0.06454720616570328,0.07663451232583066,0.06437630438272596,0.08006207777980648,0.06409202958093674,0.09533898305084744,0.07232021709633649,0.06432345508844477,0.09532674284247013,0.01827036317917051,0.5862391286678047,0.35472407782892845,0.7751328653498328,0.40877783629692743,0.47258221732974054,0.5587062941418267,0.31723719419751956
0.35794541601658003,0.1250742521203956,0.45660759726876005,0.053367217280813214,0.05138339920948617,0.05105973025048168,0.05680600214362273,0.050890993738962935,0.1087274055139675,0.09285127362366474,0.1348228043143297,0.10461329715061057,0.07251703805804426,0.13480549492874566,0.01686984753477417,0.5920100788425589,0.17034586227574255,0.7286598726723668,0.30515789955184935,0.2321445053003136,0.3495463256739273,0.23161249968933034
0.16820552825838897,0.044459413944088894,0.23708360680276813,0.07909783989834816,0.13043478260869565,0.056840077071290955,0.09539121114683818,0.05683095199871569,0.08718276428701843,0.07066557107641741,0.07877503852080121,0.08860244233378561,0.0941879163795084,0.0788291179869046,0.028328611898016998,0.594895553929936,0.8095202540476594,0.37960447160625677,0.4241428195104895,0.4171410948203476,0.26867280463087684,0.35454654659630336
0.1660049367766574,0.2355797789277075,0.19590198855458457,0.11531130876747141,0.16996047430830039,0.09248554913294799,0.13612004287245447,0.0924707015572323,0.0767756070841702,0.06409202958093674,0.06837442218798147,0.07788331071913163,0.07940883681752049,0.06836564385672102,0.035458509724034755,0.554498902706657,0.9502801104108674,0.32761766650996416,0.5001163452301981,0.45134044243942734,0.31012719608090855,0.43051562875392474
0.16273315790699294,0.15339518458413712,0.1813937153845268,0.04637865311308767,0.09090909090909088,0.03179190751445087,0.05359056806002144,0.031947343072724364,0.055687420120503955,0.041906327033689406,0.04083204930662558,0.05698778833107193,0.07443142660234321,0.04089100012838619,0.021389693478053286,0.6404129074209545,0.7978538479307291,0.31891269531405664,0.4289315060171368,0.2873425044854002,0.282654942372061,0.3516925281880918
0.1643050089653726,1.0,0.11947447810517348,0.10419313850063532,0.13043478260869565,0.08959537572254334,0.09163987138263666,0.0895809921335688,0.06445134197553407,0.05669679539852093,0.0703004622496148,0.054545454545454536,0.059116318247951605,0.0703556297342406,0.04239742814399847,0.6306185483215476,0.7229765201910487,0.3719911077822844,0.2773238174325474,0.33099889919161496,0.3285998110209317,0.15754264458564954
0.16305917145984206,0.9780744460434592,0.16563611869149192,0.03144853875476493,0.05138339920948617,0.02263969171483622,0.030010718113612014,0.022636057152030833,0.03158663501917108,0.02629416598192276,0.033898305084745756,0.02971506105834465,0.03254460525308217,0.03389395301065605,0.019575389120539834,0.6739006746322037,0.6344541638570071,0.3569715464968972,0.29035972643412444,0.2484405214545078,0.3242165465231944,0.19536770858359498
0.1527024194862957,0.03474693040203314,0.12188676638225848,0.05050825921219823,0.09090909090909088,0.03757225433526012,0.04930332261521972,0.03772676192005137,0.02108818696366624,0.0172555464256368,0.019645608628659467,0.020488466757123458,0.028792403706256228,0.019771472589549352,0.020307476843747015,0.663821832073478,0.6970280997057732,0.33803972813398886,0.2268623508462284,0.3228587701111389,0.21829707082444338,0.15997001002427363
0.6604161330135293,0.32775447298855853,0.07341646804149826,0.16709021601016522,0.09090909090909088,0.16570327552986516,0.16291532690246519,0.1655161342109488,0.14789118130363338,0.13968775677896467,0.19241140215716485,0.13731343283582084,0.07956198790106443,0.19251508537681344,0.13928764681541841,0.44407867999674877,0.5877745397019467,0.4361608885843369,0.1863168969253579,0.34581141283916267,0.39729156694254264,0.14145617072746403
0.4998195282118155,0.262986211049532,0.16572247746036134,0.09243964421855143,0.09090909090909088,0.09393063583815028,0.08949624866023581,0.09407609568148984,0.28601424137301446,0.26294165981922757,0.3622881355932202,0.2616010854816825,0.155142047629987,0.36230581589420974,0.0859089028233122,0.4501341136308218,0.4476843350498505,0.3331274949602805,0.2578937119877893,0.26040759175091566,0.5490486985890629,0.1833178688891282
0.705487506694921,0.3079743205037917,0.1382431172061211,0.12579415501905972,0.09090909090909088,0.1266859344894027,0.10718113612004287,0.12682613581634294,0.16404966222384523,0.14626129827444537,0.2213020030816641,0.14748982360922658,0.08882762845547133,0.22133778405443572,0.055543177260718724,0.43509713078111034,0.408566875339784,0.4341011768642984,0.31995553026756873,0.276955735796983,0.6054737199871166,0.2575575567282759
0.5027303635051111,0.281412984680078,0.0507271408338803,0.37865311308767463,0.2885375494071146,0.2678227360308285,0.25294748124330124,0.26794027933857767,0.1236078144969874,0.14050944946589974,0.1565870570107858,0.10786974219810042,0.07259361359981621,0.1566311464886378,0.33898844574593373,0.3837275461269609,0.35231846488761753,0.32429902074054073,0.21294467698423758,0.3425765219407545,0.558967430471896,0.1805798338124549
0.6428929045478889,0.6018065464343673,0.0542793648600412,0.18170266836086402,0.13043478260869565,0.14547206165703278,0.15969989281886388,0.14528816824530424,0.12251232426510864,0.12818405916187345,0.1560092449922958,0.10189959294436907,0.06654414579983156,0.15598921556040568,0.22783843142247823,0.4299357880191824,0.45417552341331024,0.2775790220154106,0.22065040147692438,0.45288472577715044,0.31822197744707426,0.16313676920145476
0.7332743404047223,0.3227941251518214,0.07194836897071866,0.1267471410419314,0.09090909090909088,0.10934489402697495,0.12057877813504825,0.10932733986193613,0.08490049297060434,0.08627773212818404,0.10997688751926037,0.0801899592944369,0.05008040431886057,0.11002696109898576,0.13791896107203105,0.5188978297976105,0.4811995865425671,0.3588559636024642,0.40516128052435096,0.41509480684077,0.5036728135281966,0.21545974964169434
